x,y,diameter,skills,Name,,
600,600,200,SAP,James,,50
600,600,224,Supply Chain,James,,56
600,600,168,Tableau,James,,42
600,600,240,Coud computing,James,,60
600,600,280,Data Analysis,Alex,,70
600,600,400,Product Marketing,Alex,,100
600,600,40,Statistical Modelling,Alex,,10
600,600,56,Data Science,"Alex, Deb",,14
600,600,96,Hadoop,Deb,,24
600,600,400,Java,Deb,,100
600,600,480,SQL,Deb,,120
600,600,20,Algorithms,,,5
600,600,316.3636364,Analytics,,,79.09090909
600,600,328,Android,,,82
600,600,339.6363636,Applications,,,84.90909091
600,600,144,Blogging,,,36
600,600,324,Business,,,81
600,600,48,Business Analysis,,,12
600,600,268,Business Intelligence,,,67
600,600,48,Business Storytelling,,,12
600,600,409.4545455,Coaching,,,102.3636364
600,600,124,Cloud Computing,,,31
600,600,48,Communication,,,12
600,600,640,Computer,,,160
600,600,456,Consulting,,,114
600,600,48,Content,,,12
600,600,324,Content Management,,,81
600,600,244,Content Marketing,,,61
600,600,324,Content Strategy,,,81
600,600,204,Data Analysis,,,51
600,600,120,Data Analytics,,,30
600,600,100,Data Engineering,,,25
600,600,60,Data Mining,,,15
600,600,120,Data Science,,,30
600,600,480,Data Warehousing,,,120
600,600,584,Database Administration,,,146
600,600,244,Database Management,,,61
600,600,324,Digital Marketing,,,81
600,600,300,Digital Media,,,75
600,600,336,Economics,,,84
600,600,204,Editing,,,51
600,600,244,Executive,,,61
600,600,244,Event Planning,,,61
600,600,100,Game Development,,,25
600,600,200,Hadoop,,,50
600,600,288,Health Care,,,72
600,600,320,Hiring,,,80
600,600,80,Hospitality,,,20
600,600,480,Human Resources,,,120
600,600,276,Information Management,,,69
600,600,208,Information Security,,,52
600,600,208,Information Technology,,,52
600,600,296,iPhone,,,74
600,600,284,Java,,,71
600,600,216,Job Specific Skills,,,54
600,600,48,Legal,,,12
600,600,360,Leadership�,,,90
600,600,360,Mac,,,90
600,600,284,Management,,,71
600,600,324,Marketing,,,81
600,600,244,Market Research,,,61
600,600,100,Media Planning,,,25
600,600,440,Microsoft Office Skills,,,110
600,600,244,Mobile Apps,,,61
600,600,144,Mobile Development,,,36
600,600,208,Negotiation,,,52
600,600,312,Network and Information Security,,,78
600,600,324,Newsletters,,,81
600,600,368,Online Marketing,,,92
600,600,324,Presentation,,,81
600,600,244,Project Management,,,61
600,600,208,Public� Relations,,,52
600,600,324,Recruiting,,,81
600,600,244,Relationship Management,,,61
600,600,100,Research,,,25
600,600,84,Risk Management,,,21
600,600,104,Search Engine Optimization (SEO),,,26
600,600,324,Social Media,,,81
600,600,208,Social Media Management,,,52
600,600,520,Social Networking,,,130
600,600,204,Software,,,51
600,600,300,Software Engineering,,,75
600,600,68,Software Management,,,17
600,600,240,Strategic Planning,,,60
600,600,340,Strategy,,,85
600,600,364,Tech Skills Listed by Job,,,91
600,600,312,Tech Support,,,78
600,600,348,Technical,,,87
600,600,268,Training,,,67
600,600,404,UI / UX,,,101
600,600,356,User Testing,,,89
600,600,300,Web Content,,,75
600,600,320,Web Development,,,80
600,600,240,Web Programming,,,60
600,600,520,WordPress,,,130
600,600,480,Writing,,,120
